{"cameraMode":{"drawMode":0,"name":"Shaded","section":"Shading Mode"},"sceneLighting":false,"audioPlay":false,"sceneViewState":{"m_AlwaysRefresh":false,"showFog":true,"showSkybox":false,"showFlares":true,"showImageEffects":true,"showParticleSystems":true,"showVisualEffectGraphs":true,"m_FxEnabled":true},"in2DMode":false,"pivot":{"x":13.49990463256836,"y":2.5344631671905519,"z":-1.3643656969070435},"rotation":{"x":-0.003439279505982995,"y":0.019808851182460786,"z":0.00006910860975040123,"w":0.9998044967651367},"size":1.9369666576385499,"orthographic":false}